{
  "github": {
    "release": true
  },
  "hooks": {
    "after:bump": "npm run build && npx auto-changelog --ignore-commit-pattern \"🥚.*\" --commit-limit false -p -t keepachangelog && npm run docs && npm run release-image && git status",
    "before:git:release": "npm run release-image"
  },
  "git": {
    "changelog": "npx auto-changelog --stdout --commit-limit false --unreleased --template https://raw.githubusercontent.com/release-it/release-it/master/templates/changelog-compact.hbs --ignore-commit-pattern \"🥚.*\""
  },
  "npm": {
    "timeout": 60000
  }
}
